Month	Date	Candidate	Volume	Emotion
2/9/2016	2/9/2016	Clinton	833	Anger
2/20/2016	2/20/2016	Clinton	590	Anger
2/23/2016	2/23/2016	Clinton	525	Anger
2/27/2016	2/27/2016	Clinton	451	Anger
3/1/2016	3/1/2016	Clinton	648	Anger
3/5/2016	3/5/2016	Clinton	420	Anger
3/6/2016	3/6/2016	Clinton	584	Anger
3/8/2016	3/8/2016	Clinton	781	Anger
3/12/2016	3/12/2016	Clinton	54	Anger
3/15/2016	3/15/2016	Clinton	1704	Anger
3/22/2016	3/22/2016	Clinton	872	Anger
3/26/2016	3/26/2016	Clinton	917	Anger
4/5/2016	4/5/2016	Clinton	1015	Anger
4/9/2016	4/9/2016	Clinton	714	Anger
4/19/2016	4/19/2016	Clinton	979	Anger
4/26/2016	4/26/2016	Clinton	818	Anger
5/3/2016	5/3/2016	Clinton	775	Anger
2/9/2016	2/9/2016	Sanders	534	Anger
2/20/2016	2/20/2016	Sanders	705	Anger
2/23/2016	2/23/2016	Sanders	506	Anger
2/27/2016	2/27/2016	Sanders	673	Anger
3/1/2016	3/1/2016	Sanders	1098	Anger
3/5/2016	3/5/2016	Sanders	480	Anger
3/6/2016	3/6/2016	Sanders	446	Anger
3/8/2016	3/8/2016	Sanders	956	Anger
3/12/2016	3/12/2016	Sanders	42	Anger
3/15/2016	3/15/2016	Sanders	1792	Anger
3/22/2016	3/22/2016	Sanders	684	Anger
3/26/2016	3/26/2016	Sanders	674	Anger
4/5/2016	4/5/2016	Sanders	855	Anger
4/9/2016	4/9/2016	Sanders	860	Anger
4/19/2016	4/19/2016	Sanders	1855	Anger
4/26/2016	4/26/2016	Sanders	1071	Anger
5/3/2016	5/3/2016	Sanders	587	Anger
2/9/2016	2/9/2016	Clinton	784	Fear
2/20/2016	2/20/2016	Clinton	648	Fear
2/23/2016	2/23/2016	Clinton	595	Fear
2/27/2016	2/27/2016	Clinton	457	Fear
3/1/2016	3/1/2016	Clinton	611	Fear
3/5/2016	3/5/2016	Clinton	359	Fear
3/6/2016	3/6/2016	Clinton	414	Fear
3/8/2016	3/8/2016	Clinton	638	Fear
3/12/2016	3/12/2016	Clinton	31	Fear
3/15/2016	3/15/2016	Clinton	1793	Fear
3/22/2016	3/22/2016	Clinton	1212	Fear
3/26/2016	3/26/2016	Clinton	488	Fear
4/5/2016	4/5/2016	Clinton	1226	Fear
4/9/2016	4/9/2016	Clinton	648	Fear
4/19/2016	4/19/2016	Clinton	813	Fear
4/26/2016	4/26/2016	Clinton	583	Fear
5/3/2016	5/3/2016	Clinton	690	Fear
2/9/2016	2/9/2016	Sanders	428	Fear
2/20/2016	2/20/2016	Sanders	865	Fear
2/23/2016	2/23/2016	Sanders	491	Fear
2/27/2016	2/27/2016	Sanders	459	Fear
3/1/2016	3/1/2016	Sanders	546	Fear
3/5/2016	3/5/2016	Sanders	450	Fear
3/6/2016	3/6/2016	Sanders	378	Fear
3/8/2016	3/8/2016	Sanders	606	Fear
3/12/2016	3/12/2016	Sanders	50	Fear
3/15/2016	3/15/2016	Sanders	1028	Fear
3/22/2016	3/22/2016	Sanders	535	Fear
3/26/2016	3/26/2016	Sanders	508	Fear
4/5/2016	4/5/2016	Sanders	743	Fear
4/9/2016	4/9/2016	Sanders	632	Fear
4/19/2016	4/19/2016	Sanders	673	Fear
4/26/2016	4/26/2016	Sanders	655	Fear
5/3/2016	5/3/2016	Sanders	286	Fear
2/9/2016	2/9/2016	Clinton	657	Joy
2/20/2016	2/20/2016	Clinton	612	Joy
2/23/2016	2/23/2016	Clinton	394	Joy
2/27/2016	2/27/2016	Clinton	568	Joy
3/1/2016	3/1/2016	Clinton	602	Joy
3/5/2016	3/5/2016	Clinton	689	Joy
3/6/2016	3/6/2016	Clinton	625	Joy
3/8/2016	3/8/2016	Clinton	467	Joy
3/12/2016	3/12/2016	Clinton	30	Joy
3/15/2016	3/15/2016	Clinton	787	Joy
3/22/2016	3/22/2016	Clinton	540	Joy
3/26/2016	3/26/2016	Clinton	377	Joy
4/5/2016	4/5/2016	Clinton	954	Joy
4/9/2016	4/9/2016	Clinton	1584	Joy
4/19/2016	4/19/2016	Clinton	969	Joy
4/26/2016	4/26/2016	Clinton	642	Joy
5/3/2016	5/3/2016	Clinton	480	Joy
2/9/2016	2/9/2016	Sanders	730	Joy
2/20/2016	2/20/2016	Sanders	602	Joy
2/23/2016	2/23/2016	Sanders	544	Joy
2/27/2016	2/27/2016	Sanders	535	Joy
3/1/2016	3/1/2016	Sanders	1343	Joy
3/5/2016	3/5/2016	Sanders	664	Joy
3/6/2016	3/6/2016	Sanders	977	Joy
3/8/2016	3/8/2016	Sanders	749	Joy
3/12/2016	3/12/2016	Sanders	98	Joy
3/15/2016	3/15/2016	Sanders	1625	Joy
3/22/2016	3/22/2016	Sanders	1187	Joy
3/26/2016	3/26/2016	Sanders	1251	Joy
4/5/2016	4/5/2016	Sanders	1055	Joy
4/9/2016	4/9/2016	Sanders	609	Joy
4/19/2016	4/19/2016	Sanders	1337	Joy
4/26/2016	4/26/2016	Sanders	1009	Joy
5/3/2016	5/3/2016	Sanders	485	Joy
2/9/2016	2/9/2016	Clinton	580	Sadness
2/20/2016	2/20/2016	Clinton	631	Sadness
2/23/2016	2/23/2016	Clinton	463	Sadness
2/27/2016	2/27/2016	Clinton	497	Sadness
3/1/2016	3/1/2016	Clinton	994	Sadness
3/5/2016	3/5/2016	Clinton	363	Sadness
3/6/2016	3/6/2016	Clinton	619	Sadness
3/8/2016	3/8/2016	Clinton	675	Sadness
3/12/2016	3/12/2016	Clinton	55	Sadness
3/15/2016	3/15/2016	Clinton	1243	Sadness
3/22/2016	3/22/2016	Clinton	631	Sadness
3/26/2016	3/26/2016	Clinton	436	Sadness
4/5/2016	4/5/2016	Clinton	974	Sadness
4/9/2016	4/9/2016	Clinton	431	Sadness
4/19/2016	4/19/2016	Clinton	600	Sadness
4/26/2016	4/26/2016	Clinton	533	Sadness
5/3/2016	5/3/2016	Clinton	560	Sadness
2/9/2016	2/9/2016	Sanders	473	Sadness
2/20/2016	2/20/2016	Sanders	436	Sadness
2/23/2016	2/23/2016	Sanders	482	Sadness
2/27/2016	2/27/2016	Sanders	658	Sadness
3/1/2016	3/1/2016	Sanders	1943	Sadness
3/5/2016	3/5/2016	Sanders	677	Sadness
3/6/2016	3/6/2016	Sanders	738	Sadness
3/8/2016	3/8/2016	Sanders	1020	Sadness
3/12/2016	3/12/2016	Sanders	43	Sadness
3/15/2016	3/15/2016	Sanders	1188	Sadness
3/22/2016	3/22/2016	Sanders	919	Sadness
3/26/2016	3/26/2016	Sanders	548	Sadness
4/5/2016	4/5/2016	Sanders	977	Sadness
4/9/2016	4/9/2016	Sanders	534	Sadness
4/19/2016	4/19/2016	Sanders	1601	Sadness
4/26/2016	4/26/2016	Sanders	735	Sadness
5/3/2016	5/3/2016	Sanders	419	Sadness
2/9/2016	2/9/2016	Clinton	1536	Trust
2/20/2016	2/20/2016	Clinton	1954	Trust
2/23/2016	2/23/2016	Clinton	1140	Trust
2/27/2016	2/27/2016	Clinton	1771	Trust
3/1/2016	3/1/2016	Clinton	1934	Trust
3/5/2016	3/5/2016	Clinton	1804	Trust
3/6/2016	3/6/2016	Clinton	1572	Trust
3/8/2016	3/8/2016	Clinton	1747	Trust
3/12/2016	3/12/2016	Clinton	84	Trust
3/15/2016	3/15/2016	Clinton	1812	Trust
3/22/2016	3/22/2016	Clinton	1770	Trust
3/26/2016	3/26/2016	Clinton	1089	Trust
4/5/2016	4/5/2016	Clinton	3022	Trust
4/9/2016	4/9/2016	Clinton	2589	Trust
4/19/2016	4/19/2016	Clinton	2074	Trust
4/26/2016	4/26/2016	Clinton	2052	Trust
5/3/2016	5/3/2016	Clinton	1507	Trust
2/9/2016	2/9/2016	Sanders	1913	Trust
2/20/2016	2/20/2016	Sanders	1558	Trust
2/23/2016	2/23/2016	Sanders	1222	Trust
2/27/2016	2/27/2016	Sanders	2328	Trust
3/1/2016	3/1/2016	Sanders	3161	Trust
3/5/2016	3/5/2016	Sanders	1733	Trust
3/6/2016	3/6/2016	Sanders	2351	Trust
3/8/2016	3/8/2016	Sanders	2442	Trust
3/12/2016	3/12/2016	Sanders	179	Trust
3/15/2016	3/15/2016	Sanders	2918	Trust
3/22/2016	3/22/2016	Sanders	1978	Trust
3/26/2016	3/26/2016	Sanders	2408	Trust
4/5/2016	4/5/2016	Sanders	3188	Trust
4/9/2016	4/9/2016	Sanders	1684	Trust
4/19/2016	4/19/2016	Sanders	3870	Trust
4/26/2016	4/26/2016	Sanders	1886	Trust
5/3/2016	5/3/2016	Sanders	1111	Trust
